{"cameraMode":{"drawMode":0,"name":"Shaded","section":"Shading Mode"},"sceneLighting":false,"audioPlay":false,"sceneViewState":{"showFog":true,"showMaterialUpdate":false,"showSkybox":true,"showFlares":true,"showImageEffects":true,"showParticleSystems":true},"in2DMode":false,"pivot":{"x":-27.553009033203126,"y":-1.3981022834777833,"z":-8.66323471069336},"rotation":{"x":-0.02980021759867668,"y":0.8132157921791077,"z":-0.04100573807954788,"w":-0.5801628828048706},"size":19.04346466064453,"orthographic":false}