{"cameraMode":{"drawMode":0,"name":"Shaded","section":"Shading Mode"},"sceneLighting":false,"audioPlay":false,"sceneViewState":{"showFog":true,"showMaterialUpdate":false,"showSkybox":true,"showFlares":true,"showImageEffects":true,"showParticleSystems":true},"in2DMode":false,"pivot":{"x":15.041909217834473,"y":1.680931806564331,"z":1.8261401653289796},"rotation":{"x":0.0019153557950630785,"y":-0.9936458468437195,"z":0.018515629693865777,"w":0.11186826974153519},"size":2.1451308727264406,"orthographic":false}