{"cameraMode":{"drawMode":0,"name":"Shaded","section":"Shading Mode"},"sceneLighting":false,"audioPlay":false,"sceneViewState":{"showFog":true,"showMaterialUpdate":false,"showSkybox":true,"showFlares":true,"showImageEffects":true,"showParticleSystems":true},"in2DMode":false,"pivot":{"x":12.848234176635743,"y":1.283073902130127,"z":3.4504222869873049},"rotation":{"x":0.06411690264940262,"y":-0.04058215022087097,"z":0.0027228426188230516,"w":0.9971778988838196},"size":3.4641025066375734,"orthographic":false}