{"cameraMode":{"drawMode":0,"name":"Shaded","section":"Shading Mode"},"sceneLighting":false,"audioPlay":false,"sceneViewState":{"showFog":true,"showMaterialUpdate":false,"showSkybox":true,"showFlares":true,"showImageEffects":true,"showParticleSystems":true},"in2DMode":false,"pivot":{"x":46.63034439086914,"y":-1.7338708639144898,"z":4.265327453613281},"rotation":{"x":0.03940073028206825,"y":0.6743443012237549,"z":-0.03646587207913399,"w":0.736784040927887},"size":19.04346466064453,"orthographic":false}