{"cameraMode":{"drawMode":0,"name":"Shaded","section":"Shading Mode"},"sceneLighting":false,"audioPlay":false,"sceneViewState":{"showFog":true,"showMaterialUpdate":false,"showSkybox":true,"showFlares":true,"showImageEffects":true,"showParticleSystems":true},"in2DMode":false,"pivot":{"x":49.50193786621094,"y":-12.570230484008789,"z":-9.251018524169922},"rotation":{"x":-0.12641166150569917,"y":-0.778756856918335,"z":0.16690753400325776,"w":-0.5916475653648377},"size":18.63808250427246,"orthographic":false}