{"cameraMode":{"drawMode":0,"name":"Shaded","section":"Shading Mode"},"sceneLighting":false,"audioPlay":false,"sceneViewState":{"showFog":true,"showMaterialUpdate":false,"showSkybox":true,"showFlares":true,"showImageEffects":true,"showParticleSystems":true},"in2DMode":false,"pivot":{"x":2.9591867923736574,"y":0.6217813491821289,"z":13.415263175964356},"rotation":{"x":0.04458807781338692,"y":0.40626493096351626,"z":-0.02003525383770466,"w":0.9125207662582398},"size":10.0,"orthographic":false}