{"cameraMode":{"drawMode":0,"name":"Shaded","section":"Shading Mode"},"sceneLighting":false,"audioPlay":false,"sceneViewState":{"showFog":true,"showMaterialUpdate":false,"showSkybox":true,"showFlares":true,"showImageEffects":true,"showParticleSystems":true},"in2DMode":false,"pivot":{"x":19.070247650146486,"y":2.6184334754943849,"z":3.4444758892059328},"rotation":{"x":0.031955718994140628,"y":0.8543113470077515,"z":-0.05355522781610489,"w":0.5161701440811157},"size":0.5033308863639832,"orthographic":false}