{"cameraMode":{"drawMode":0,"name":"Shaded","section":"Shading Mode"},"sceneLighting":false,"audioPlay":false,"sceneViewState":{"showFog":true,"showMaterialUpdate":false,"showSkybox":true,"showFlares":true,"showImageEffects":true,"showParticleSystems":true},"in2DMode":false,"pivot":{"x":3.3186120986938478,"y":1.138231635093689,"z":-7.431838035583496},"rotation":{"x":0.010661980137228966,"y":-0.9425554275512695,"z":0.02995453216135502,"w":0.332732230424881},"size":10.0,"orthographic":false}