{"cameraMode":{"drawMode":0,"name":"Shaded","section":"Shading Mode"},"sceneLighting":false,"audioPlay":false,"sceneViewState":{"showFog":true,"showMaterialUpdate":false,"showSkybox":true,"showFlares":true,"showImageEffects":true,"showParticleSystems":true},"in2DMode":false,"pivot":{"x":16.824647903442384,"y":1.0708329677581788,"z":9.13587474822998},"rotation":{"x":-0.2590333819389343,"y":-0.1322489082813263,"z":0.036156583577394488,"w":-0.9561777114868164},"size":0.5033308863639832,"orthographic":false}