{"cameraMode":{"drawMode":0,"name":"Shaded","section":"Shading Mode"},"sceneLighting":false,"audioPlay":false,"sceneViewState":{"showFog":true,"showMaterialUpdate":false,"showSkybox":true,"showFlares":true,"showImageEffects":true,"showParticleSystems":true},"in2DMode":false,"pivot":{"x":6.373603820800781,"y":1.9899133443832398,"z":2.674724578857422},"rotation":{"x":0.10710255801677704,"y":-0.33682170510292055,"z":0.03834710642695427,"w":0.9347537159919739},"size":0.5033308863639832,"orthographic":false}