{"cameraMode":{"drawMode":0,"name":"Shaded","section":"Shading Mode"},"sceneLighting":false,"audioPlay":false,"sceneViewState":{"showFog":true,"showMaterialUpdate":false,"showSkybox":true,"showFlares":true,"showImageEffects":true,"showParticleSystems":true},"in2DMode":false,"pivot":{"x":16.80118179321289,"y":1.5978801250457764,"z":0.36632904410362246},"rotation":{"x":0.010879679583013058,"y":0.9869344234466553,"z":-0.07536636292934418,"w":0.14281144738197328},"size":2.1451308727264406,"orthographic":false}