{"cameraMode":{"drawMode":0,"name":"Shaded","section":"Shading Mode"},"sceneLighting":false,"audioPlay":false,"sceneViewState":{"showFog":true,"showMaterialUpdate":false,"showSkybox":true,"showFlares":true,"showImageEffects":true,"showParticleSystems":true},"in2DMode":false,"pivot":{"x":14.912137985229493,"y":2.366539239883423,"z":2.6378138065338136},"rotation":{"x":0.012527416460216046,"y":0.9464924931526184,"z":-0.036940764635801318,"w":0.3207184672355652},"size":2.1451308727264406,"orthographic":false}