{"cameraMode":{"drawMode":0,"name":"Shaded","section":"Shading Mode"},"sceneLighting":false,"audioPlay":false,"sceneViewState":{"showFog":true,"showMaterialUpdate":false,"showSkybox":true,"showFlares":true,"showImageEffects":true,"showParticleSystems":true},"in2DMode":false,"pivot":{"x":18.03537368774414,"y":1.7222613096237183,"z":2.240849494934082},"rotation":{"x":0.0007093045278452337,"y":0.992958128452301,"z":-0.1194397583603859,"w":0.0038558831438422205},"size":2.1451308727264406,"orthographic":false}