{"cameraMode":{"drawMode":0,"name":"Shaded","section":"Shading Mode"},"sceneLighting":false,"audioPlay":false,"sceneViewState":{"showFog":true,"showMaterialUpdate":false,"showSkybox":true,"showFlares":true,"showImageEffects":true,"showParticleSystems":true},"in2DMode":false,"pivot":{"x":11.182389259338379,"y":-7.307617664337158,"z":-38.314239501953128},"rotation":{"x":0.008794194087386132,"y":-0.990467369556427,"z":0.12359684705734253,"w":0.06374237686395645},"size":18.63808250427246,"orthographic":false}