{"cameraMode":{"drawMode":0,"name":"Shaded","section":"Shading Mode"},"sceneLighting":false,"audioPlay":false,"sceneViewState":{"showFog":true,"showMaterialUpdate":false,"showSkybox":true,"showFlares":true,"showImageEffects":true,"showParticleSystems":true},"in2DMode":false,"pivot":{"x":1.9433718919754029,"y":-4.909317970275879,"z":-3.891685724258423},"rotation":{"x":-0.13003338873386384,"y":0.7530514597892761,"z":-0.1564967930316925,"w":-0.6257160902023315},"size":10.340124130249024,"orthographic":false}