{"cameraMode":{"drawMode":0,"name":"Shaded","section":"Shading Mode"},"sceneLighting":false,"audioPlay":false,"sceneViewState":{"showFog":true,"showMaterialUpdate":false,"showSkybox":true,"showFlares":true,"showImageEffects":true,"showParticleSystems":true},"in2DMode":false,"pivot":{"x":10.278420448303223,"y":1.7058491706848145,"z":-1.915365219116211},"rotation":{"x":0.015498031862080098,"y":0.7443406581878662,"z":-0.017147598788142206,"w":0.6675769090652466},"size":2.1451308727264406,"orthographic":false}