{"cameraMode":{"drawMode":0,"name":"Shaded","section":"Shading Mode"},"sceneLighting":false,"audioPlay":false,"sceneViewState":{"showFog":true,"showMaterialUpdate":false,"showSkybox":true,"showFlares":true,"showImageEffects":true,"showParticleSystems":true},"in2DMode":false,"pivot":{"x":32.20000076293945,"y":5.720000267028809,"z":-0.10000038146972656},"rotation":{"x":-0.08353864401578903,"y":-0.7195386290550232,"z":0.08825065940618515,"w":-0.6839889883995056},"size":18.63808250427246,"orthographic":false}