{"cameraMode":{"drawMode":0,"name":"Shaded","section":"Shading Mode"},"sceneLighting":false,"audioPlay":false,"sceneViewState":{"showFog":true,"showMaterialUpdate":false,"showSkybox":true,"showFlares":true,"showImageEffects":true,"showParticleSystems":true},"in2DMode":false,"pivot":{"x":34.776641845703128,"y":-9.413727760314942,"z":-22.784088134765626},"rotation":{"x":-0.06016509234905243,"y":-0.9201210737228394,"z":0.15763773024082185,"w":-0.35410672426223757},"size":19.04346466064453,"orthographic":false}