{"cameraMode":{"drawMode":0,"name":"Shaded","section":"Shading Mode"},"sceneLighting":false,"audioPlay":false,"sceneViewState":{"showFog":true,"showMaterialUpdate":false,"showSkybox":true,"showFlares":true,"showImageEffects":true,"showParticleSystems":true},"in2DMode":false,"pivot":{"x":28.554363250732423,"y":-6.853194236755371,"z":-35.930694580078128},"rotation":{"x":-0.023436332121491433,"y":-0.9745491147041321,"z":0.12621046602725984,"w":-0.18476691842079163},"size":18.63808250427246,"orthographic":false}