{"cameraMode":{"drawMode":0,"name":"Shaded","section":"Shading Mode"},"sceneLighting":false,"audioPlay":false,"sceneViewState":{"showFog":true,"showMaterialUpdate":false,"showSkybox":true,"showFlares":true,"showImageEffects":true,"showParticleSystems":true},"in2DMode":false,"pivot":{"x":3.190448760986328,"y":-5.076754093170166,"z":0.28253841400146487},"rotation":{"x":0.17485567927360536,"y":-0.6113108992576599,"z":0.14051751792430879,"w":0.7591326236724854},"size":10.340124130249024,"orthographic":false}