{"cameraMode":{"drawMode":0,"name":"Shaded","section":"Shading Mode"},"sceneLighting":false,"audioPlay":false,"sceneViewState":{"showFog":true,"showMaterialUpdate":false,"showSkybox":true,"showFlares":true,"showImageEffects":true,"showParticleSystems":true},"in2DMode":false,"pivot":{"x":5.607656478881836,"y":2.2091867923736574,"z":3.644437313079834},"rotation":{"x":-0.02876642718911171,"y":-0.6969910860061646,"z":-0.027627073228359224,"w":0.7161613702774048},"size":2.1451308727264406,"orthographic":false}