{"cameraMode":{"drawMode":0,"name":"Shaded","section":"Shading Mode"},"sceneLighting":false,"audioPlay":false,"sceneViewState":{"showFog":true,"showMaterialUpdate":false,"showSkybox":true,"showFlares":true,"showImageEffects":true,"showParticleSystems":true},"in2DMode":false,"pivot":{"x":11.300725936889649,"y":-11.610061645507813,"z":243.8200225830078},"rotation":{"x":0.02939697541296482,"y":0.00314537831582129,"z":-0.00042810800368897617,"w":0.9996930956840515},"size":119.3104476928711,"orthographic":false}