{"cameraMode":{"drawMode":0,"name":"Shaded","section":"Shading Mode"},"sceneLighting":false,"audioPlay":false,"sceneViewState":{"showFog":true,"showMaterialUpdate":false,"showSkybox":true,"showFlares":true,"showImageEffects":true,"showParticleSystems":true},"in2DMode":false,"pivot":{"x":0.1883845329284668,"y":-5.813170433044434,"z":-3.453795909881592},"rotation":{"x":-0.1338600218296051,"y":0.7210597395896912,"z":-0.14534081518650056,"w":-0.6641064286231995},"size":10.340124130249024,"orthographic":false}