{"cameraMode":{"drawMode":0,"name":"Shaded","section":"Shading Mode"},"sceneLighting":false,"audioPlay":false,"sceneViewState":{"showFog":true,"showMaterialUpdate":false,"showSkybox":true,"showFlares":true,"showImageEffects":true,"showParticleSystems":true},"in2DMode":false,"pivot":{"x":-209.52378845214845,"y":-40.95466232299805,"z":90.86937713623047},"rotation":{"x":0.07528947293758393,"y":-0.5561316013336182,"z":0.05019538849592209,"w":0.8263198733329773},"size":119.3104476928711,"orthographic":false}