{"cameraMode":{"drawMode":0,"name":"Shaded","section":"Shading Mode"},"sceneLighting":false,"audioPlay":false,"sceneViewState":{"showFog":true,"showMaterialUpdate":false,"showSkybox":true,"showFlares":true,"showImageEffects":true,"showParticleSystems":true},"in2DMode":false,"pivot":{"x":14.793883323669434,"y":-3.8585383892059328,"z":-11.974194526672364},"rotation":{"x":0.009919297881424427,"y":-0.981594443321228,"z":0.18378837406635285,"w":0.05223306268453598},"size":10.0,"orthographic":false}