{"cameraMode":{"drawMode":0,"name":"Shaded","section":"Shading Mode"},"sceneLighting":false,"audioPlay":false,"sceneViewState":{"showFog":true,"showMaterialUpdate":false,"showSkybox":true,"showFlares":true,"showImageEffects":true,"showParticleSystems":true},"in2DMode":false,"pivot":{"x":22.544971466064454,"y":1.981441617012024,"z":0.016008058562874795},"rotation":{"x":-0.10663381218910217,"y":-0.6746053099632263,"z":0.09915027767419815,"w":-0.723805844783783},"size":2.1451308727264406,"orthographic":false}