{"cameraMode":{"drawMode":0,"name":"Shaded","section":"Shading Mode"},"sceneLighting":false,"audioPlay":false,"sceneViewState":{"showFog":true,"showMaterialUpdate":false,"showSkybox":true,"showFlares":true,"showImageEffects":true,"showParticleSystems":true},"in2DMode":false,"pivot":{"x":19.77593994140625,"y":2.3834455013275148,"z":-0.0025001384783536197},"rotation":{"x":0.03775940090417862,"y":0.7068255543708801,"z":-0.03815091401338577,"w":0.7054492235183716},"size":0.5033308863639832,"orthographic":false}