{"cameraMode":{"drawMode":0,"name":"Shaded","section":"Shading Mode"},"sceneLighting":false,"audioPlay":false,"sceneViewState":{"showFog":true,"showMaterialUpdate":false,"showSkybox":true,"showFlares":true,"showImageEffects":true,"showParticleSystems":true},"in2DMode":false,"pivot":{"x":-28.018081665039064,"y":1.4787660837173463,"z":6.459034442901611},"rotation":{"x":-0.005752383731305599,"y":0.6438936591148377,"z":-0.0043462663888931278,"w":-0.7653915286064148},"size":19.04346466064453,"orthographic":false}