{"cameraMode":{"drawMode":0,"name":"Shaded","section":"Shading Mode"},"sceneLighting":false,"audioPlay":false,"sceneViewState":{"showFog":true,"showMaterialUpdate":false,"showSkybox":true,"showFlares":true,"showImageEffects":true,"showParticleSystems":true},"in2DMode":false,"pivot":{"x":-45.90894317626953,"y":11.788636207580567,"z":236.04771423339845},"rotation":{"x":-0.018720488995313646,"y":-0.12222899496555329,"z":-0.0026387369725853206,"w":0.9924537539482117},"size":119.3104476928711,"orthographic":false}