{"cameraMode":{"drawMode":0,"name":"Shaded","section":"Shading Mode"},"sceneLighting":false,"audioPlay":false,"sceneViewState":{"showFog":true,"showMaterialUpdate":false,"showSkybox":true,"showFlares":true,"showImageEffects":true,"showParticleSystems":true},"in2DMode":false,"pivot":{"x":32.46868896484375,"y":-9.029887199401856,"z":28.753215789794923},"rotation":{"x":0.1498371958732605,"y":0.24621853232383729,"z":-0.03892451152205467,"w":0.9570152163505554},"size":18.63808250427246,"orthographic":false}