{"cameraMode":{"drawMode":0,"name":"Shaded","section":"Shading Mode"},"sceneLighting":false,"audioPlay":false,"sceneViewState":{"showFog":true,"showMaterialUpdate":false,"showSkybox":true,"showFlares":true,"showImageEffects":true,"showParticleSystems":true},"in2DMode":false,"pivot":{"x":15.251608848571778,"y":1.0011188983917237,"z":0.5316517353057861},"rotation":{"x":0.1115209087729454,"y":-0.08841914683580399,"z":0.010248114354908467,"w":0.9898873567581177},"size":2.1451308727264406,"orthographic":false}