{"cameraMode":{"drawMode":0,"name":"Shaded","section":"Shading Mode"},"sceneLighting":false,"audioPlay":false,"sceneViewState":{"showFog":true,"showMaterialUpdate":false,"showSkybox":true,"showFlares":true,"showImageEffects":true,"showParticleSystems":true},"in2DMode":false,"pivot":{"x":14.7297945022583,"y":-3.0686612129211427,"z":-16.102964401245118},"rotation":{"x":-0.011316164396703244,"y":0.988101065158844,"z":-0.12426060438156128,"w":-0.09008676558732987},"size":10.340124130249024,"orthographic":false}