{"cameraMode":{"drawMode":0,"name":"Shaded","section":"Shading Mode"},"sceneLighting":false,"audioPlay":false,"sceneViewState":{"showFog":true,"showMaterialUpdate":false,"showSkybox":true,"showFlares":true,"showImageEffects":true,"showParticleSystems":true},"in2DMode":false,"pivot":{"x":12.548944473266602,"y":1.8208013772964478,"z":5.284386157989502},"rotation":{"x":0.06324521452188492,"y":0.813636064529419,"z":-0.08988101780414581,"w":0.571088433265686},"size":2.1451308727264406,"orthographic":false}