{"cameraMode":{"drawMode":0,"name":"Shaded","section":"Shading Mode"},"sceneLighting":false,"audioPlay":false,"sceneViewState":{"showFog":true,"showMaterialUpdate":false,"showSkybox":true,"showFlares":true,"showImageEffects":true,"showParticleSystems":true},"in2DMode":false,"pivot":{"x":31.884944915771486,"y":-6.340780258178711,"z":-1.8389956951141358},"rotation":{"x":-0.14482681453227998,"y":-0.745201051235199,"z":0.17202772200107575,"w":-0.6278839707374573},"size":10.0,"orthographic":false}